{
    "BLEU-1": 0.5373880988079127,
    "BLEU-4": 0.1454375118080476,
    "ROUGE-L": 0.43906181044821724,
    "METEOR": 0.4499553420493138,
    "SBERT-Sim": 0.5657662749290466,
    "SimCSE-Sim": 0.70328688621521
}