{
    "BLEU-1": 0.5479253651939555,
    "BLEU-4": 0.19060393372580256,
    "ROUGE-L": 0.4571867119144806,
    "METEOR": 0.46470322473263304,
    "SBERT": 0.5881378650665283,
    "SimCSE": 0.7072654366493225
}