{
    "BLEU-1": 0.5805673313715731,
    "BLEU-4": 0.23144415429048854,
    "ROUGE-L": 0.4931378125880664,
    "METEOR": 0.5226562551300776,
    "SBERT": 0.6137461066246033,
    "SimCSE": 0.7304527759552002,
    "BERTScore": 0.442754864692688
}