{
    "BLEU-1": 0.5364227160552486,
    "BLEU-4": 0.12579391315576993,
    "ROUGE-L": 0.43847599746577914,
    "METEOR": 0.4772070573479298,
    "SBERT": 0.5282915234565735,
    "SimCSE": 0.6646509766578674,
    "BERTScore": 0.36359477043151855
}