{
    "BLEU-1": 0.7026038313861849,
    "BLEU-4": 0.37655364394009794,
    "ROUGE-L": 0.6201329515776409,
    "METEOR": 0.6421062887562625,
    "SBERT": 0.7297349572181702,
    "SimCSE": 0.8146957159042358,
    "BERTScore": 0.5743921995162964
}