{
    "BLEU-1": 0.7059537246156405,
    "BLEU-4": 0.37263723585788816,
    "ROUGE-L": 0.6188309510360079,
    "METEOR": 0.6418803501122796,
    "SBERT": 0.7257044315338135,
    "SimCSE": 0.8109123706817627,
    "BERTScore": 0.5723825097084045
}