{
    "BLEU-1": 0.5646274950839226,
    "BLEU-4": 0.1721077566492994,
    "ROUGE-L": 0.45458929067514137,
    "METEOR": 0.5043151748625544,
    "SBERT": 0.57686448097229,
    "SimCSE": 0.7125468850135803,
    "BERTScore": 0.39319565892219543
}