{
    "BLEU-1": 0.5358613912059675,
    "BLEU-4": 0.18206247315954208,
    "ROUGE-L": 0.4474488673009961,
    "METEOR": 0.4561654354602957,
    "SBERT-Sim": 0.5807355642318726,
    "SimCSE-Sim": 0.7006188631057739
}