{
    "BLEU-1": 0.5571787486621486,
    "BLEU-4": 0.2024002909868395,
    "ROUGE-L": 0.46711032790465196,
    "METEOR": 0.47349286897969817,
    "SBERT": 0.5935872793197632,
    "SimCSE": 0.7164685726165771
}