{
    "BLEU-1": 0.7055203322465791,
    "BLEU-4": 0.37466278485674087,
    "ROUGE-L": 0.6192319685036409,
    "METEOR": 0.6421725854374053,
    "SBERT": 0.7254523038864136,
    "SimCSE": 0.8118178844451904,
    "BERTScore": 0.5722054243087769
}