{
    "BLEU-1": 0.5454786076851386,
    "BLEU-4": 0.1890789843865363,
    "ROUGE-L": 0.4553064867841457,
    "METEOR": 0.4635375107628969,
    "SBERT": 0.5859346389770508,
    "SimCSE": 0.7061310410499573
}