{
    "BLEU-1": 0.5453492925717739,
    "BLEU-4": 0.17507141828375902,
    "ROUGE-L": 0.45389361417418345,
    "METEOR": 0.48560861576495057,
    "SBERT": 0.5776901245117188,
    "SimCSE": 0.7024931907653809,
    "BERTScore": 0.40586236119270325
}