{
    "BLEU-1": 0.4379092170796097,
    "BLEU-4": 0.07598943796474932,
    "ROUGE-L": 0.3214512990345055,
    "METEOR": 0.3957587710343137,
    "SBERT": 0.5059825778007507,
    "SimCSE": 0.6443737745285034,
    "BERTScore": 0.3107418417930603
}