{
    "BLEU-1": 0.5880628956412831,
    "BLEU-4": 0.23110709972554655,
    "ROUGE-L": 0.49296346337392255,
    "METEOR": 0.5268205195946134,
    "SBERT": 0.6127644181251526,
    "SimCSE": 0.7253150939941406,
    "BERTScore": 0.45649969577789307
}