{
    "BLEU-1": 0.7059223508979676,
    "BLEU-4": 0.37184117258178423,
    "ROUGE-L": 0.6179656336241769,
    "METEOR": 0.6418375501839085,
    "SBERT": 0.7247721552848816,
    "SimCSE": 0.8102652430534363,
    "BERTScore": 0.5716897249221802
}