{
    "BLEU-1": 0.5431045762459199,
    "BLEU-4": 0.1896712487648248,
    "ROUGE-L": 0.46229752658324264,
    "METEOR": 0.47393958903066086,
    "SBERT": 0.5900965929031372,
    "SimCSE": 0.7091032862663269
}