{
    "BLEU-1": 0.7332097974414349,
    "BLEU-4": 0.44786562736093344,
    "ROUGE-L": 0.6628784238991309,
    "METEOR": 0.685167907976271,
    "SBERT": 0.7608409523963928,
    "SimCSE": 0.8349090218544006,
    "BERTScore": 0.6221582293510437
}