{
    "BLEU-1": 0.7018006730982012,
    "BLEU-4": 0.3748467490015547,
    "ROUGE-L": 0.6199330076065662,
    "METEOR": 0.6410492124986064,
    "SBERT": 0.7266084551811218,
    "SimCSE": 0.8124303221702576,
    "BERTScore": 0.5716622471809387
}