{
    "BLEU-1": 0.3199488212802463,
    "BLEU-4": 0.14273981897258525,
    "ROUGE-L": 0.31220765871893696,
    "METEOR": 0.4308060599685787,
    "SBERT": 0.5954104065895081,
    "SimCSE": 0.7191901803016663,
    "BERTScore": 0.2928582429885864
}