{
    "BLEU-1": 0.5526796171895334,
    "BLEU-4": 0.19645110865846,
    "ROUGE-L": 0.4635667561011935,
    "METEOR": 0.4711262280761432,
    "SBERT": 0.5901588201522827,
    "SimCSE": 0.7137088179588318
}