{
    "BLEU-1": 0.5433284675240363,
    "BLEU-4": 0.1903437584283357,
    "ROUGE-L": 0.4556292768318871,
    "METEOR": 0.4658912902031891,
    "SBERT": 0.5883341431617737,
    "SimCSE": 0.7046352624893188
}