{
    "BLEU-1": 0.6671206322990073,
    "BLEU-4": 0.24416882940251763,
    "ROUGE-L": 0.5387869435353722,
    "METEOR": 0.5744402817133201,
    "SBERT": 0.635026752948761,
    "SimCSE": 0.7473139762878418,
    "BERTScore": 0.47129106521606445
}