{
    "BLEU-1": 0.5570296504159001,
    "BLEU-4": 0.20226184419927962,
    "ROUGE-L": 0.46711032790465196,
    "METEOR": 0.5057137941848298,
    "SBERT": 0.5935872793197632,
    "SimCSE": 0.7164685726165771,
    "BERTScore": 0.4317295253276825
}