{
    "BLEU-1": 0.7054353911280935,
    "BLEU-4": 0.373597084712649,
    "ROUGE-L": 0.618964082089602,
    "METEOR": 0.641706848719962,
    "SBERT": 0.7257694602012634,
    "SimCSE": 0.8113486766815186,
    "BERTScore": 0.5724835395812988
}